Polymer,w_rho,w_cp,m,sigma,epsilon_k,MAPE_rho,MAPE_cp,MAPE_total,Tg,Tfusion
HDPE,2.0,1.05,3960.0356424375063,3.7142147554211786,250.06337963383058,0.15511265359764673,0.5431594660155941,0.6982721196132408,200.05070370706449,320.0811259313032
LDPE,2.0,0.15,8249.999902129997,3.7157191778779333,250.0005775742454,0.10810715096902146,0.7892290359019443,0.8973361868709657,200.00046205939634,320.0007392950342
i-PP,2.0,0.44999999999999996,5940.02645079091,3.8101392903324833,250.0344410969231,0.25437944084735753,1.608001806430553,1.8623812472779107,200.02755287753848,320.0440846040616
s-PP,2.0,0.8999999999999999,5279.965607493054,3.8138216347640115,250.02047861547354,0.1712198283370287,1.2980827663976873,1.469302594734716,200.01638289237883,320.02621262780616
a-PP,2.0,0.15,2639.96481212487,3.821210144770214,249.96566735559932,0.15407093614458145,9.404314354256128,9.55838529040071,199.97253388447947,319.95605421516717
